estimator,est_error,shd,cpshd,f1score,sparsity,dag_rate,n,p,m,ne,s,graph_type,id
Contextual DAG,1.0747475924988519,18.67,18.57,0.015417682798545131,10.12,1.0,100,20,2,10,1,erdos-renyi,1
Fixed DAG,0.9955404993465433,8.0,9.0,0.35294117647058826,7.0,1.0,100,20,2,10,1,erdos-renyi,1
Sorted DAG (fixed),1.0206081890765564,17.76,18.4,0.1153462443265441,12.25,1.0,100,20,2,10,1,erdos-renyi,1
Sorted DAG (truth),0.9643343488353692,18.4,19.46,0.15606261324776002,12.74,1.0,100,20,2,10,1,erdos-renyi,1
Clustered DAG,0.9955404993465433,8.0,9.0,0.35294117647058826,7.0,1.0,100,20,2,10,1,erdos-renyi,1
Contextual DAG,0.9186969155079976,12.08860759493671,11.984177215189874,0.24441294530792657,9.484177215189874,1.0,316,20,2,10,1,erdos-renyi,1
Fixed DAG,0.43393874967309526,1.0,1.0,0.9523809523809528,11.0,1.0,316,20,2,10,1,erdos-renyi,1
Sorted DAG (fixed),0.788577545968981,8.417721518987342,9.360759493670885,0.4484717299214239,7.39873417721519,1.0,316,20,2,10,1,erdos-renyi,1
Sorted DAG (truth),0.7695732618172736,9.936708860759493,10.977848101265822,0.4414664557997385,9.30379746835443,1.0,316,20,2,10,1,erdos-renyi,1
Clustered DAG,0.8188354115977938,8.734177215189874,9.69620253164557,0.4714596233583576,8.734177215189874,1.0,316,20,2,10,1,erdos-renyi,1
Contextual DAG,0.6831407523831111,4.994,5.023,0.6667421423655333,9.148,1.0,1000,20,2,10,1,erdos-renyi,1
Fixed DAG,0.5309676688380338,1.0,2.0,0.8999999999999989,10.0,1.0,1000,20,2,10,1,erdos-renyi,1
Sorted DAG (fixed),0.5780908920875739,5.394,7.062,0.7188170386165588,11.158,1.0,1000,20,2,10,1,erdos-renyi,1
Sorted DAG (truth),0.5828832527940224,3.722,4.416,0.7483303968442072,8.794,1.0,1000,20,2,10,1,erdos-renyi,1
Clustered DAG,0.749359375988637,7.657,7.755,0.48259680381687364,8.792,1.0,1000,20,2,10,1,erdos-renyi,1
Contextual DAG,0.5811681018054753,2.0746363061353574,2.1973434535104364,0.8314184698781203,10.089184060721063,1.0,3162,20,2,10,1,erdos-renyi,1
Fixed DAG,0.4634428387607388,0.0,0.0,1.0,10.0,1.0,3162,20,2,10,1,erdos-renyi,1
Sorted DAG (fixed),0.5418298538856187,0.5224541429475016,0.777988614800759,0.9737176643281314,9.93674889310563,1.0,3162,20,2,10,1,erdos-renyi,1
Sorted DAG (truth),0.44479640837871304,0.6862745098039216,0.9901960784313726,0.969400229263132,10.552182163187856,1.0,3162,20,2,10,1,erdos-renyi,1
Clustered DAG,0.6935700880136584,7.673624288425048,8.311195445920303,0.5546497679464465,10.209361163820367,1.0,3162,20,2,10,1,erdos-renyi,1
Contextual DAG,0.4602868804589309,1.9157,1.7816,0.8084593483709274,9.9996,1.0,10000,20,2,10,1,erdos-renyi,1
Fixed DAG,0.4486472190347516,0.0,0.0,1.0,10.0,1.0,10000,20,2,10,1,erdos-renyi,1
Sorted DAG (fixed),0.23393378065317222,0.0,0.0,1.0,10.0,1.0,10000,20,2,10,1,erdos-renyi,1
Sorted DAG (truth),0.3000374225265303,0.0,0.0,1.0,10.0,1.0,10000,20,2,10,1,erdos-renyi,1
Clustered DAG,0.7823729872918953,8.6319,8.7301,0.4611316243847239,9.7215,1.0,10000,20,2,10,1,erdos-renyi,1
Contextual DAG,1.1139046568745123,16.31,16.43,0.04635189642856355,7.87,1.0,100,20,5,10,1,erdos-renyi,1
Fixed DAG,0.8426720850938391,10.0,9.0,0.36363636363636376,12.0,1.0,100,20,5,10,1,erdos-renyi,1
Sorted DAG (fixed),1.0275950138163237,18.72,18.71,0.1053632065206303,12.92,1.0,100,20,5,10,1,erdos-renyi,1
Sorted DAG (truth),1.0878580273770493,18.4,18.72,0.1014201363101659,11.0,1.0,100,20,5,10,1,erdos-renyi,1
Clustered DAG,0.8426720850938391,10.0,9.0,0.36363636363636376,12.0,1.0,100,20,5,10,1,erdos-renyi,1
Contextual DAG,0.9786897189709237,12.534810126582279,12.819620253164556,0.1968946709873925,7.737341772151899,1.0,316,20,5,10,1,erdos-renyi,1
Fixed DAG,0.503553301852685,2.0,0.0,0.8000000000000006,10.0,1.0,316,20,5,10,1,erdos-renyi,1
Sorted DAG (fixed),0.8535861913210685,10.050632911392405,10.841772151898734,0.3660932460409094,7.8955696202531644,1.0,316,20,5,10,1,erdos-renyi,1
Sorted DAG (truth),0.7899623015142799,9.468354430379748,11.310126582278482,0.4782641109100854,9.082278481012658,1.0,316,20,5,10,1,erdos-renyi,1
Clustered DAG,0.7120427814397368,9.373417721518987,10.10759493670886,0.5237463912946924,10.126582278481013,1.0,316,20,5,10,1,erdos-renyi,1
Contextual DAG,0.7689619082262491,7.077,7.497,0.5179223926804267,10.58,1.0,1000,20,5,10,1,erdos-renyi,1
Fixed DAG,0.46325765684835435,1.0,0.0,0.8999999999999989,10.0,1.0,1000,20,5,10,1,erdos-renyi,1
Sorted DAG (fixed),0.6151497064588373,4.504,4.415,0.7260737045986477,10.404,1.0,1000,20,5,10,1,erdos-renyi,1
Sorted DAG (truth),0.7080607608174487,6.415,7.36,0.6244600913434607,8.147,1.0,1000,20,5,10,1,erdos-renyi,1
Clustered DAG,0.6886934422621771,6.083,6.838,0.6034047471620225,8.616,1.0,1000,20,5,10,1,erdos-renyi,1
Contextual DAG,0.782254402646184,5.122707147375079,5.147375079063884,0.5446401132546325,9.49146110056926,1.0,3162,20,5,10,1,erdos-renyi,1
Fixed DAG,0.48804252202071124,0.0,0.0,1.0,10.0,1.0,3162,20,5,10,1,erdos-renyi,1
Sorted DAG (fixed),0.4564646509906781,1.1438962681846931,1.4430740037950665,0.9397352289846709,10.240037950664137,1.0,3162,20,5,10,1,erdos-renyi,1
Sorted DAG (truth),0.42103743296437723,0.8444022770398482,1.038583175205566,0.9524173024723493,10.086021505376344,1.0,3162,20,5,10,1,erdos-renyi,1
Clustered DAG,0.7697624045136463,7.879506641366224,8.611954459203035,0.476940614314822,8.81404174573055,1.0,3162,20,5,10,1,erdos-renyi,1
Contextual DAG,0.6935293908734349,3.1308,3.5974,0.7341683367562553,9.7237,1.0,10000,20,5,10,1,erdos-renyi,1
Fixed DAG,0.5916941641274215,2.0,3.0,0.8000000000000006,10.0,1.0,10000,20,5,10,1,erdos-renyi,1
Sorted DAG (fixed),0.5504407727952159,2.2259,3.2519,0.7894651820994429,10.0164,1.0,10000,20,5,10,1,erdos-renyi,1
Sorted DAG (truth),0.5321870537352633,0.4998,0.6428,0.9718249348348763,9.9688,1.0,10000,20,5,10,1,erdos-renyi,1
Clustered DAG,0.7468930775193554,7.6821,8.5191,0.49931545667539723,9.3978,1.0,10000,20,5,10,1,erdos-renyi,1
Contextual DAG,1.020410601053186,13.92,14.44,0.06803521865384231,6.42,1.0,100,20,2,10,1,erdos-renyi,2
Fixed DAG,0.6412577399262254,5.0,10.0,0.6666666666666667,8.0,1.0,100,20,2,10,1,erdos-renyi,2
Sorted DAG (fixed),0.9699130846889994,14.54,15.35,0.16174850011085837,8.12,1.0,100,20,2,10,1,erdos-renyi,2
Sorted DAG (truth),0.9317653636631993,12.46,13.33,0.20966177574474912,6.74,1.0,100,20,2,10,1,erdos-renyi,2
Clustered DAG,0.6412577399262254,5.0,10.0,0.6666666666666667,8.0,1.0,100,20,2,10,1,erdos-renyi,2
Contextual DAG,0.8734798048818538,12.984177215189874,13.89873417721519,0.30751009036897786,10.933544303797468,1.0,316,20,2,10,1,erdos-renyi,2
Fixed DAG,0.49832314086920665,1.0,4.0,0.8999999999999994,10.0,1.0,316,20,2,10,1,erdos-renyi,2
Sorted DAG (fixed),0.8561748760320905,9.990506329113924,11.044303797468354,0.3473032521262692,7.256329113924051,1.0,316,20,2,10,1,erdos-renyi,2
Sorted DAG (truth),0.8156840793234124,10.164556962025317,11.443037974683545,0.41943166995680475,8.924050632911392,1.0,316,20,2,10,1,erdos-renyi,2
Clustered DAG,0.8628384728326759,10.170886075949367,11.664556962025317,0.35095143542649115,9.379746835443038,1.0,316,20,2,10,1,erdos-renyi,2
Contextual DAG,0.7749360148077183,8.596,8.855,0.47041338693943213,11.397,1.0,1000,20,2,10,1,erdos-renyi,2
Fixed DAG,0.5185402909360943,1.0,1.0,0.8999999999999989,10.0,1.0,1000,20,2,10,1,erdos-renyi,2
Sorted DAG (fixed),0.6461193907983515,5.175,5.817,0.6797076604511649,10.191,1.0,1000,20,2,10,1,erdos-renyi,2
Sorted DAG (truth),0.6019111777391428,3.67,4.979,0.8180854356433418,10.03,1.0,1000,20,2,10,1,erdos-renyi,2
Clustered DAG,0.8092902582609652,9.408,10.16,0.3962094554568241,9.287,1.0,1000,20,2,10,1,erdos-renyi,2
Contextual DAG,0.6742220096584137,2.903225806451613,1.9345351043643264,0.7525924230874391,9.811195445920303,1.0,3162,20,2,10,1,erdos-renyi,2
Fixed DAG,0.5011344801317597,1.0,0.0,0.8999999999999992,10.0,1.0,3162,20,2,10,1,erdos-renyi,2
Sorted DAG (fixed),0.6565783715372007,1.8703352308665402,1.2343453510436433,0.8631668638398747,9.959519291587602,1.0,3162,20,2,10,1,erdos-renyi,2
Sorted DAG (truth),0.564461389955979,0.7640733712839974,1.0683111954459203,0.9642273762202633,10.29348513598988,1.0,3162,20,2,10,1,erdos-renyi,2
Clustered DAG,0.7666175047084902,8.216318785578748,8.315306767868437,0.4883101528776728,9.4775458570525,1.0,3162,20,2,10,1,erdos-renyi,2
Contextual DAG,0.19576143000790078,0.003,0.0034,0.9998436090225565,9.9976,1.0,10000,20,2,10,1,erdos-renyi,2
Fixed DAG,0.49586362123567274,0.0,0.0,1.0,10.0,1.0,10000,20,2,10,1,erdos-renyi,2
Sorted DAG (fixed),0.2368425162790723,0.0,0.0,1.0,10.0,1.0,10000,20,2,10,1,erdos-renyi,2
Sorted DAG (truth),0.37624383102269054,0.0001,0.0001,0.9999952380952382,10.0001,1.0,10000,20,2,10,1,erdos-renyi,2
Clustered DAG,0.7542581605750469,7.9337,8.1683,0.49463984526708554,9.1367,1.0,10000,20,2,10,1,erdos-renyi,2
Contextual DAG,1.0761208172392192,19.4,19.85,0.07980305657691558,13.38,1.0,100,20,5,10,1,erdos-renyi,2
Fixed DAG,0.5812757799781322,4.0,3.0,0.736842105263158,9.0,1.0,100,20,5,10,1,erdos-renyi,2
Sorted DAG (fixed),1.0251155729104298,20.18,20.66,0.13159008709077083,13.91,1.0,100,20,5,10,1,erdos-renyi,2
Sorted DAG (truth),0.9929332294898073,19.14,20.04,0.1529000224837782,13.32,1.0,100,20,5,10,1,erdos-renyi,2
Clustered DAG,0.5812757799781322,4.0,3.0,0.736842105263158,9.0,1.0,100,20,5,10,1,erdos-renyi,2
Contextual DAG,0.9479117319605543,11.933544303797468,11.80379746835443,0.20648801474027265,6.9145569620253164,1.0,316,20,5,10,1,erdos-renyi,2
Fixed DAG,0.4881296346159285,1.0,0.0,0.8999999999999994,10.0,1.0,316,20,5,10,1,erdos-renyi,2
Sorted DAG (fixed),0.845375415533234,10.401898734177216,11.19620253164557,0.39404999220906334,8.354430379746836,1.0,316,20,5,10,1,erdos-renyi,2
Sorted DAG (truth),0.8011993822020202,7.8924050632911396,8.882911392405063,0.5032954196545496,7.531645569620253,1.0,316,20,5,10,1,erdos-renyi,2
Clustered DAG,0.7578455924040948,8.08860759493671,8.05379746835443,0.4812608587738895,7.753164556962025,1.0,316,20,5,10,1,erdos-renyi,2
Contextual DAG,0.8164987320888067,6.714,6.932,0.4837524045462147,8.315,1.0,1000,20,5,10,1,erdos-renyi,2
Fixed DAG,0.524565071199203,2.0,0.0,0.7999999999999989,10.0,1.0,1000,20,5,10,1,erdos-renyi,2
Sorted DAG (fixed),0.7829721744073916,7.873,7.784,0.5078447083841018,8.872,1.0,1000,20,5,10,1,erdos-renyi,2
Sorted DAG (truth),0.5793500931230812,5.539,6.402,0.7497097538709396,11.527,1.0,1000,20,5,10,1,erdos-renyi,2
Clustered DAG,0.7370363260018271,8.112,7.85,0.4964477316479606,9.738,1.0,1000,20,5,10,1,erdos-renyi,2
Contextual DAG,0.680261710927238,3.948134092346616,5.140417457305503,0.6483050742405027,9.720746363061354,1.0,3162,20,5,10,1,erdos-renyi,2
Fixed DAG,0.7015053176029645,4.0,3.0,0.6000000000000008,10.0,1.0,3162,20,5,10,1,erdos-renyi,2
Sorted DAG (fixed),0.7250807531818727,5.1676154332700825,4.4291587602783045,0.5601733491286298,10.419038583175206,1.0,3162,20,5,10,1,erdos-renyi,2
Sorted DAG (truth),0.4525480572493989,0.8453510436432637,1.0442757748260594,0.9459401392231166,9.744781783681214,1.0,3162,20,5,10,1,erdos-renyi,2
Clustered DAG,0.7962726262099615,8.776091081593927,9.279569892473118,0.42887514314886677,9.58191018342821,1.0,3162,20,5,10,1,erdos-renyi,2
Contextual DAG,0.6124312635075856,2.1844,1.1578,0.8034897751767416,10.1031,1.0,10000,20,5,10,1,erdos-renyi,2
Fixed DAG,0.49213960405468143,0.0,0.0,1.0,10.0,1.0,10000,20,5,10,1,erdos-renyi,2
Sorted DAG (fixed),0.4943831681165237,0.3195,0.3698,0.9802494340970097,9.9047,1.0,10000,20,5,10,1,erdos-renyi,2
Sorted DAG (truth),0.4221820605539953,0.2538,0.3135,0.9856518603719981,10.0466,1.0,10000,20,5,10,1,erdos-renyi,2
Clustered DAG,0.7501900734764483,7.8016,8.0814,0.508339163085871,9.3911,1.0,10000,20,5,10,1,erdos-renyi,2
Contextual DAG,1.0366853792365898,17.84,18.03,0.0737583211334086,10.79,1.0,100,20,2,10,1,erdos-renyi,3
Fixed DAG,0.9079627248587148,11.0,13.0,0.3157894736842105,9.0,1.0,100,20,2,10,1,erdos-renyi,3
Sorted DAG (fixed),1.0611564970775647,20.99,21.54,0.06709310586190313,13.95,1.0,100,20,2,10,1,erdos-renyi,3
Sorted DAG (truth),1.013355372143684,17.9,18.96,0.13719693053960638,11.44,1.0,100,20,2,10,1,erdos-renyi,3
Clustered DAG,0.9079627248587148,11.0,13.0,0.3157894736842105,9.0,1.0,100,20,2,10,1,erdos-renyi,3
Contextual DAG,0.8698692010769205,12.329113924050633,14.151898734177216,0.30234848715456286,10.414556962025317,1.0,316,20,2,10,1,erdos-renyi,3
Fixed DAG,0.5167304045963972,0.0,0.0,1.0,10.0,1.0,316,20,2,10,1,erdos-renyi,3
Sorted DAG (fixed),0.8016572964818328,11.35759493670886,12.813291139240507,0.41371546956015676,10.914556962025317,1.0,316,20,2,10,1,erdos-renyi,3
Sorted DAG (truth),0.8053256838685652,12.45253164556962,13.95253164556962,0.4216855577965808,13.123417721518987,1.0,316,20,2,10,1,erdos-renyi,3
Clustered DAG,0.8260084711602473,10.512658227848101,12.291139240506329,0.3918784981135572,9.386075949367088,1.0,316,20,2,10,1,erdos-renyi,3
Contextual DAG,0.723560795898606,6.888,6.658,0.5640923829171615,10.252,1.0,1000,20,2,10,1,erdos-renyi,3
Fixed DAG,0.5042691576825615,1.0,0.0,0.8999999999999989,10.0,1.0,1000,20,2,10,1,erdos-renyi,3
Sorted DAG (fixed),0.6870019789465567,5.861,6.052,0.6174018646925709,8.565,1.0,1000,20,2,10,1,erdos-renyi,3
Sorted DAG (truth),0.6598472461158834,5.249,5.877,0.6651449492809517,8.385,1.0,1000,20,2,10,1,erdos-renyi,3
Clustered DAG,0.7839911173837357,8.254,8.078,0.43397208931419456,8.876,1.0,1000,20,2,10,1,erdos-renyi,3
Contextual DAG,0.7121206887296292,2.2450980392156863,1.1771030993042377,0.8153992117707444,9.780834914611006,1.0,3162,20,2,10,1,erdos-renyi,3
Fixed DAG,0.5623897423441822,1.0,0.0,0.8999999999999992,10.0,1.0,3162,20,2,10,1,erdos-renyi,3
Sorted DAG (fixed),0.5197212015915929,1.2036685641998734,0.38425047438330173,0.895451581482458,10.059456040480708,1.0,3162,20,2,10,1,erdos-renyi,3
Sorted DAG (truth),0.43826531589335055,0.3709677419354839,0.5218216318785579,0.982650227811735,10.215370018975332,1.0,3162,20,2,10,1,erdos-renyi,3
Clustered DAG,0.7625510727564859,8.573687539531942,9.021189120809614,0.47121613981836985,9.895319418089816,1.0,3162,20,2,10,1,erdos-renyi,3
Contextual DAG,0.37704715403892214,1.5925,0.4706,0.8408094736842097,9.9985,1.0,10000,20,2,10,1,erdos-renyi,3
Fixed DAG,0.4228874190368826,0.0,0.0,1.0,10.0,1.0,10000,20,2,10,1,erdos-renyi,3
Sorted DAG (fixed),0.27161683806296694,0.0,0.0,1.0,10.0,1.0,10000,20,2,10,1,erdos-renyi,3
Sorted DAG (truth),0.2896066856418442,0.0,0.0,1.0,10.0,1.0,10000,20,2,10,1,erdos-renyi,3
Clustered DAG,0.7926398623665076,8.4357,8.5605,0.43430503401221804,9.4048,1.0,10000,20,2,10,1,erdos-renyi,3
Contextual DAG,1.04504882630634,18.32,18.47,0.058596740339339835,10.56,1.0,100,20,5,10,1,erdos-renyi,3
Fixed DAG,0.6628834272880378,10.0,13.0,0.5,10.0,1.0,100,20,5,10,1,erdos-renyi,3
Sorted DAG (fixed),0.9983797198542067,18.01,19.12,0.14135402699644636,11.61,1.0,100,20,5,10,1,erdos-renyi,3
Sorted DAG (truth),1.0308602075162483,17.24,17.81,0.10317191445321044,9.54,1.0,100,20,5,10,1,erdos-renyi,3
Clustered DAG,0.6628834272880378,10.0,13.0,0.5,10.0,1.0,100,20,5,10,1,erdos-renyi,3
Contextual DAG,0.9889649718456459,12.117088607594937,11.651898734177216,0.15328086148030043,7.655063291139241,1.0,316,20,5,10,1,erdos-renyi,3
Fixed DAG,0.5308856345499503,2.0,0.0,0.8000000000000006,10.0,1.0,316,20,5,10,1,erdos-renyi,3
Sorted DAG (fixed),0.8580762365213674,10.018987341772151,10.822784810126583,0.35176303077915566,6.844936708860759,1.0,316,20,5,10,1,erdos-renyi,3
Sorted DAG (truth),0.8716722674486604,10.854430379746836,11.89240506329114,0.3772642395766785,8.253164556962025,1.0,316,20,5,10,1,erdos-renyi,3
Clustered DAG,0.8009228753668346,9.29746835443038,9.54746835443038,0.4072557292959378,8.768987341772151,1.0,316,20,5,10,1,erdos-renyi,3
Contextual DAG,0.8623334127806374,9.499,10.317,0.39198859661144475,11.153,1.0,1000,20,5,10,1,erdos-renyi,3
Fixed DAG,0.6920586160169905,4.0,6.0,0.6000000000000009,10.0,1.0,1000,20,5,10,1,erdos-renyi,3
Sorted DAG (fixed),0.8221950423737101,6.759,8.293,0.4802271893376298,8.731,1.0,1000,20,5,10,1,erdos-renyi,3
Sorted DAG (truth),0.6414058495697663,4.554,5.602,0.7564366394954529,9.852,1.0,1000,20,5,10,1,erdos-renyi,3
Clustered DAG,0.8497699889580456,9.643,10.229,0.40550265637355404,9.926,1.0,1000,20,5,10,1,erdos-renyi,3
Contextual DAG,0.5839981088028223,3.0192915876027833,3.252055660974067,0.7700941587252402,9.896900695762175,1.0,3162,20,5,10,1,erdos-renyi,3
Fixed DAG,0.39534762872678286,0.0,0.0,1.0,10.0,1.0,3162,20,5,10,1,erdos-renyi,3
Sorted DAG (fixed),0.44362294605572566,0.9930423782416192,1.4278937381404175,0.9433505056253821,9.87033523086654,1.0,3162,20,5,10,1,erdos-renyi,3
Sorted DAG (truth),0.3682049463676523,0.6148007590132827,0.8972169512966477,0.9652159335828906,10.070841239721695,1.0,3162,20,5,10,1,erdos-renyi,3
Clustered DAG,0.6885112084988607,7.124288425047438,7.954775458570525,0.5791744205755802,9.629981024667932,1.0,3162,20,5,10,1,erdos-renyi,3
Contextual DAG,0.6837177719753135,3.3817,3.8956,0.7258437115441131,9.8335,1.0,10000,20,5,10,1,erdos-renyi,3
Fixed DAG,0.46560360538807416,1.0,2.0,0.8999999999999987,10.0,1.0,10000,20,5,10,1,erdos-renyi,3
Sorted DAG (fixed),0.6248128102649647,1.4962,2.5035,0.8718047106216865,9.8699,1.0,10000,20,5,10,1,erdos-renyi,3
Sorted DAG (truth),0.5286932881326016,0.4113,0.5618,0.9756823220282406,9.8609,1.0,10000,20,5,10,1,erdos-renyi,3
Clustered DAG,0.7820315510689827,8.2336,8.5617,0.45662224868291407,9.5211,1.0,10000,20,5,10,1,erdos-renyi,3
Contextual DAG,1.0192180269662205,17.04,17.75,0.14975083007356071,11.29,1.0,100,20,2,10,1,erdos-renyi,4
Fixed DAG,0.5902047985348863,8.0,9.0,0.5714285714285713,11.0,1.0,100,20,2,10,1,erdos-renyi,4
Sorted DAG (fixed),0.9650851771891502,15.88,16.48,0.19046318629773695,10.74,1.0,100,20,2,10,1,erdos-renyi,4
Sorted DAG (truth),0.9101460282047826,14.68,15.74,0.28467046723824546,11.22,1.0,100,20,2,10,1,erdos-renyi,4
Clustered DAG,0.5902047985348863,8.0,9.0,0.5714285714285713,11.0,1.0,100,20,2,10,1,erdos-renyi,4
Contextual DAG,0.8619373303293939,9.224683544303797,9.89240506329114,0.3273445920265875,6.6835443037974684,1.0,316,20,2,10,1,erdos-renyi,4
Fixed DAG,0.3142704933799066,0.0,0.0,1.0,10.0,1.0,316,20,2,10,1,erdos-renyi,4
Sorted DAG (fixed),0.7746211295374047,6.746835443037975,7.199367088607595,0.532350669580072,6.658227848101266,1.0,316,20,2,10,1,erdos-renyi,4
Sorted DAG (truth),0.6840931785822697,8.848101265822784,9.863924050632912,0.5612927955226246,11.341772151898734,1.0,316,20,2,10,1,erdos-renyi,4
Clustered DAG,0.6905931833860292,7.9905063291139244,8.253164556962025,0.5508615171584956,9.094936708860759,1.0,316,20,2,10,1,erdos-renyi,4
Contextual DAG,0.8696117965096273,7.727,8.259,0.38310935017156106,9.121,1.0,1000,20,2,10,1,erdos-renyi,4
Fixed DAG,0.6302865263672078,3.0,2.0,0.7000000000000007,10.0,1.0,1000,20,2,10,1,erdos-renyi,4
Sorted DAG (fixed),0.7268597096075795,6.68,6.613,0.5451932229705566,10.599,1.0,1000,20,2,10,1,erdos-renyi,4
Sorted DAG (truth),0.5502203307942124,3.77,4.261,0.8069359761125209,10.122,1.0,1000,20,2,10,1,erdos-renyi,4
Clustered DAG,0.8425998196917146,8.886,8.709,0.3728742880606928,9.552,1.0,1000,20,2,10,1,erdos-renyi,4
Contextual DAG,0.5943336718023636,2.521189120809614,4.031941808981657,0.7667334073396408,9.983554712207464,1.0,3162,20,2,10,1,erdos-renyi,4
Fixed DAG,0.4834948170642447,1.0,1.0,0.8999999999999992,10.0,1.0,3162,20,2,10,1,erdos-renyi,4
Sorted DAG (fixed),0.5727190385868491,1.4639468690702087,1.9826059456040481,0.8757245075619227,9.864326375711576,1.0,3162,20,2,10,1,erdos-renyi,4
Sorted DAG (truth),0.37026512536435013,0.2915876027830487,0.32321315623023406,0.9858547834737482,10.067046173308032,1.0,3162,20,2,10,1,erdos-renyi,4
Clustered DAG,0.7908617949335258,8.48292220113852,9.819418089816573,0.4461758797398935,9.356736242884251,1.0,3162,20,2,10,1,erdos-renyi,4
Contextual DAG,0.33573359859118235,0.5204,0.0007,0.9479931578947363,9.9993,1.0,10000,20,2,10,1,erdos-renyi,4
Fixed DAG,0.44561911208200833,0.0,0.0,1.0,10.0,1.0,10000,20,2,10,1,erdos-renyi,4
Sorted DAG (fixed),0.3467637706443614,0.0,0.0,1.0,10.0,1.0,10000,20,2,10,1,erdos-renyi,4
Sorted DAG (truth),0.2632366087394118,0.0,0.0,1.0,10.0,1.0,10000,20,2,10,1,erdos-renyi,4
Clustered DAG,0.7019655993795751,7.8023,8.1169,0.5498173715018774,9.3091,1.0,10000,20,2,10,1,erdos-renyi,4
Contextual DAG,1.0274381259527072,17.39,17.66,0.11937183331607351,11.12,1.0,100,20,5,10,1,erdos-renyi,4
Fixed DAG,0.8311093061389481,7.0,6.0,0.4444444444444444,8.0,1.0,100,20,5,10,1,erdos-renyi,4
Sorted DAG (fixed),1.0149604616190229,17.38,17.78,0.15385166164850403,12.82,1.0,100,20,5,10,1,erdos-renyi,4
Sorted DAG (truth),0.9187697604100399,16.07,17.99,0.2893669518748275,13.03,1.0,100,20,5,10,1,erdos-renyi,4
Clustered DAG,0.8311093061389481,7.0,6.0,0.4444444444444444,8.0,1.0,100,20,5,10,1,erdos-renyi,4
Contextual DAG,0.9532544978025955,15.08860759493671,15.829113924050633,0.2423636394680358,12.009493670886076,1.0,316,20,5,10,1,erdos-renyi,4
Fixed DAG,0.5728745083025977,3.0,4.0,0.8000000000000006,10.0,1.0,316,20,5,10,1,erdos-renyi,4
Sorted DAG (fixed),0.9000543756692557,12.89240506329114,14.14240506329114,0.3218504822674416,10.867088607594937,1.0,316,20,5,10,1,erdos-renyi,4
Sorted DAG (truth),0.827137194400759,10.072784810126583,11.151898734177216,0.46071263547623564,9.680379746835444,1.0,316,20,5,10,1,erdos-renyi,4
Clustered DAG,0.8343595510687287,11.718354430379748,11.990506329113924,0.3756278345630541,10.373417721518987,1.0,316,20,5,10,1,erdos-renyi,4
Contextual DAG,0.8937527206899043,8.239,8.306,0.3554594106695628,8.478,1.0,1000,20,5,10,1,erdos-renyi,4
Fixed DAG,0.42698899529228057,0.0,0.0,1.0,10.0,1.0,1000,20,5,10,1,erdos-renyi,4
Sorted DAG (fixed),0.676619494416449,3.82,4.864,0.7636057672590109,8.582,1.0,1000,20,5,10,1,erdos-renyi,4
Sorted DAG (truth),0.6537043295664293,4.121,5.139,0.7510182283062194,8.575,1.0,1000,20,5,10,1,erdos-renyi,4
Clustered DAG,0.7171107785733378,6.413,7.232,0.5833305813553493,7.914,1.0,1000,20,5,10,1,erdos-renyi,4
Contextual DAG,0.7510333463832686,4.87033523086654,5.7798861480075905,0.5557387092281142,9.836812144212523,1.0,3162,20,5,10,1,erdos-renyi,4
Fixed DAG,0.4998773286528154,0.0,0.0,1.0,10.0,1.0,3162,20,5,10,1,erdos-renyi,4
Sorted DAG (fixed),0.45100888595976174,0.8994307400379506,1.2432005060088551,0.9484236543144291,9.901328273244781,1.0,3162,20,5,10,1,erdos-renyi,4
Sorted DAG (truth),0.4505332018384006,1.2207463630613535,1.6555977229601517,0.9343576224579455,10.13472485768501,1.0,3162,20,5,10,1,erdos-renyi,4
Clustered DAG,0.7510038853868458,7.924098671726755,9.280518659076535,0.4883288716619325,9.234029095509172,1.0,3162,20,5,10,1,erdos-renyi,4
Contextual DAG,0.46005386490252165,1.3487,1.4192,0.879499707968158,10.1331,1.0,10000,20,5,10,1,erdos-renyi,4
Fixed DAG,0.4822680803062481,0.0,0.0,1.0,10.0,1.0,10000,20,5,10,1,erdos-renyi,4
Sorted DAG (fixed),0.4944468653374577,0.4102,0.4683,0.9745388538657759,9.8518,1.0,10000,20,5,10,1,erdos-renyi,4
Sorted DAG (truth),0.533269976105977,0.6153,0.7424,0.9666381350056897,10.0217,1.0,10000,20,5,10,1,erdos-renyi,4
Clustered DAG,0.7170069077939034,7.7555,8.2952,0.5322648066953015,9.7318,1.0,10000,20,5,10,1,erdos-renyi,4
Contextual DAG,1.1141345427033293,19.0,19.09,0.06918701212392729,11.87,1.0,100,20,2,10,1,erdos-renyi,5
Fixed DAG,0.6480410818302624,5.0,5.0,0.7058823529411765,7.0,1.0,100,20,2,10,1,erdos-renyi,5
Sorted DAG (fixed),0.9997338031126554,15.32,15.98,0.14283929948639673,8.32,1.0,100,20,2,10,1,erdos-renyi,5
Sorted DAG (truth),0.9729319510369964,14.35,15.09,0.15515562174489084,7.51,1.0,100,20,2,10,1,erdos-renyi,5
Clustered DAG,0.6480410818302624,5.0,5.0,0.7058823529411765,7.0,1.0,100,20,2,10,1,erdos-renyi,5
Contextual DAG,0.8386707251646753,9.85759493670886,10.841772151898734,0.3811147373471818,8.14873417721519,1.0,316,20,2,10,1,erdos-renyi,5
Fixed DAG,0.4629654177100238,1.0,2.0,0.8999999999999994,10.0,1.0,316,20,2,10,1,erdos-renyi,5
Sorted DAG (fixed),0.707348874090376,9.718354430379748,11.5,0.5195044485482819,11.335443037974683,1.0,316,20,2,10,1,erdos-renyi,5
Sorted DAG (truth),0.7011887770983591,7.9335443037974684,9.379746835443038,0.5711267826427833,9.686708860759493,1.0,316,20,2,10,1,erdos-renyi,5
Clustered DAG,0.7709277321209029,9.674050632911392,10.94620253164557,0.4559975889089817,10.05379746835443,1.0,316,20,2,10,1,erdos-renyi,5
Contextual DAG,0.8489397719410625,6.286,7.158,0.49185569376478816,9.083,1.0,1000,20,2,10,1,erdos-renyi,5
Fixed DAG,0.49316836998575375,0.0,0.0,1.0,10.0,1.0,1000,20,2,10,1,erdos-renyi,5
Sorted DAG (fixed),0.6339654604546696,3.675,4.173,0.754423411866791,8.645,1.0,1000,20,2,10,1,erdos-renyi,5
Sorted DAG (truth),0.5680295384278179,4.074,4.601,0.7577476136474395,10.248,1.0,1000,20,2,10,1,erdos-renyi,5
Clustered DAG,0.7148609945847709,6.677,7.345,0.560551583504215,9.59,1.0,1000,20,2,10,1,erdos-renyi,5
Contextual DAG,0.5283166686403299,2.6328273244781784,2.644528779253637,0.8050982791421354,10.07685009487666,1.0,3162,20,2,10,1,erdos-renyi,5
Fixed DAG,0.4952881838542257,0.0,0.0,1.0,10.0,1.0,3162,20,2,10,1,erdos-renyi,5
Sorted DAG (fixed),0.5382801608373187,0.36907020872865276,0.5512333965844403,0.9830020475195514,10.203984819734345,1.0,3162,20,2,10,1,erdos-renyi,5
Sorted DAG (truth),0.5373646962653276,0.5664136622390892,0.9082858950031626,0.9751577363960248,10.469006957621758,1.0,3162,20,2,10,1,erdos-renyi,5
Clustered DAG,0.7292505443626589,8.114800759013283,9.46774193548387,0.5098435021669345,10.037950664136622,1.0,3162,20,2,10,1,erdos-renyi,5
Contextual DAG,0.2389356274348504,0.4412,0.0881,0.9561012531328317,9.9994,1.0,10000,20,2,10,1,erdos-renyi,5
Fixed DAG,0.5020352527633956,0.0,0.0,1.0,10.0,1.0,10000,20,2,10,1,erdos-renyi,5
Sorted DAG (fixed),0.18825272674203233,0.0,0.0,1.0,10.0,1.0,10000,20,2,10,1,erdos-renyi,5
Sorted DAG (truth),0.3883096052581704,0.0,0.0,1.0,10.0,1.0,10000,20,2,10,1,erdos-renyi,5
Clustered DAG,0.7660244164707333,8.2621,7.9047,0.47126564939902243,9.5714,1.0,10000,20,2,10,1,erdos-renyi,5
Contextual DAG,1.035024784778323,19.47,20.21,0.10318047863438905,13.06,1.0,100,20,5,10,1,erdos-renyi,5
Fixed DAG,0.800489191310853,8.0,10.0,0.4444444444444444,8.0,1.0,100,20,5,10,1,erdos-renyi,5
Sorted DAG (fixed),1.0306907916013432,22.26,23.03,0.11295839587046654,16.41,1.0,100,20,5,10,1,erdos-renyi,5
Sorted DAG (truth),0.9530719069724664,17.5,19.16,0.2076726970906801,12.5,1.0,100,20,5,10,1,erdos-renyi,5
Clustered DAG,0.800489191310853,8.0,10.0,0.4444444444444444,8.0,1.0,100,20,5,10,1,erdos-renyi,5
Contextual DAG,1.021613314436037,13.939873417721518,13.104430379746836,0.0795811015938989,7.674050632911392,1.0,316,20,5,10,1,erdos-renyi,5
Fixed DAG,0.4886699307655746,3.0,7.0,0.8000000000000006,10.0,1.0,316,20,5,10,1,erdos-renyi,5
Sorted DAG (fixed),0.8733000003948986,10.10759493670886,11.018987341772151,0.346903956765147,6.341772151898734,1.0,316,20,5,10,1,erdos-renyi,5
Sorted DAG (truth),0.8769820376097577,11.949367088607595,13.14873417721519,0.3773739922688632,9.968354430379748,1.0,316,20,5,10,1,erdos-renyi,5
Clustered DAG,0.8458338271534104,10.237341772151899,10.768987341772151,0.35536157713039784,8.75,1.0,316,20,5,10,1,erdos-renyi,5
Contextual DAG,0.8185807850990352,8.409,10.015,0.45118230851383134,10.665,1.0,1000,20,5,10,1,erdos-renyi,5
Fixed DAG,0.4769364901663965,1.0,0.0,0.8999999999999989,10.0,1.0,1000,20,5,10,1,erdos-renyi,5
Sorted DAG (fixed),0.6388660061086587,5.244,5.521,0.7051822522683193,10.727,1.0,1000,20,5,10,1,erdos-renyi,5
Sorted DAG (truth),0.6250081810975923,4.45,5.837,0.7640261472439627,9.92,1.0,1000,20,5,10,1,erdos-renyi,5
Clustered DAG,0.7186026882945289,7.147,7.52,0.5432505675954592,8.444,1.0,1000,20,5,10,1,erdos-renyi,5
Contextual DAG,0.7758484268963749,5.734661606578115,5.148323845667299,0.5249805345877679,10.006008855154965,1.0,3162,20,5,10,1,erdos-renyi,5
Fixed DAG,0.5365276410263041,0.0,0.0,1.0,10.0,1.0,3162,20,5,10,1,erdos-renyi,5
Sorted DAG (fixed),0.471392478832546,0.9516129032258065,1.1192283364958886,0.9428222271176725,9.668247944339026,1.0,3162,20,5,10,1,erdos-renyi,5
Sorted DAG (truth),0.4657032059094845,1.2596457938013916,1.594560404807084,0.9345140268994745,10.273561037318153,1.0,3162,20,5,10,1,erdos-renyi,5
Clustered DAG,0.7718158003476758,8.111321948134092,8.4146110056926,0.47009211692145936,9.198924731182796,1.0,3162,20,5,10,1,erdos-renyi,5
Contextual DAG,0.6696665146014581,2.6585,2.1187,0.7675000885784683,9.8753,1.0,10000,20,5,10,1,erdos-renyi,5
Fixed DAG,0.5588245159539337,1.0,0.0,0.8999999999999987,10.0,1.0,10000,20,5,10,1,erdos-renyi,5
Sorted DAG (fixed),0.555471557415518,1.3539,0.4747,0.88126380114082,10.0146,1.0,10000,20,5,10,1,erdos-renyi,5
Sorted DAG (truth),0.5141140887161956,0.4271,0.5847,0.9737151131817136,9.8711,1.0,10000,20,5,10,1,erdos-renyi,5
Clustered DAG,0.7649816087871065,8.0975,8.4017,0.491822853440662,9.7686,1.0,10000,20,5,10,1,erdos-renyi,5
Contextual DAG,1.0692381431599225,16.99,17.3,0.05270988289689091,9.04,1.0,100,20,2,10,1,erdos-renyi,6
Fixed DAG,0.9226118382053571,10.0,9.0,0.23529411764705885,7.0,1.0,100,20,2,10,1,erdos-renyi,6
Sorted DAG (fixed),1.0149912798550158,16.69,16.98,0.10735815930335574,9.78,1.0,100,20,2,10,1,erdos-renyi,6
Sorted DAG (truth),0.8992651952700811,13.79,15.02,0.278215180986587,9.81,1.0,100,20,2,10,1,erdos-renyi,6
Clustered DAG,0.9226118382053571,10.0,9.0,0.23529411764705885,7.0,1.0,100,20,2,10,1,erdos-renyi,6
Contextual DAG,0.9012989997766763,10.215189873417721,10.199367088607595,0.284721620581486,6.901898734177215,1.0,316,20,2,10,1,erdos-renyi,6
Fixed DAG,0.5276209007516869,2.0,1.0,0.8000000000000006,10.0,1.0,316,20,2,10,1,erdos-renyi,6
Sorted DAG (fixed),0.9108998523008125,11.332278481012658,11.996835443037975,0.2965754605906823,7.4145569620253164,1.0,316,20,2,10,1,erdos-renyi,6
Sorted DAG (truth),0.8811810735929814,10.731012658227849,12.050632911392405,0.37690121572261565,7.8575949367088604,1.0,316,20,2,10,1,erdos-renyi,6
Clustered DAG,0.7812226102788278,8.905063291139241,8.474683544303797,0.4334913978916017,9.772151898734178,1.0,316,20,2,10,1,erdos-renyi,6
Contextual DAG,0.8809461898884046,7.629,7.83,0.39885035432618987,10.241,1.0,1000,20,2,10,1,erdos-renyi,6
Fixed DAG,0.5959808450815727,2.0,0.0,0.7999999999999989,10.0,1.0,1000,20,2,10,1,erdos-renyi,6
Sorted DAG (fixed),0.6351199420074818,5.572,5.07,0.6491240084660352,10.892,1.0,1000,20,2,10,1,erdos-renyi,6
Sorted DAG (truth),0.5075114951965093,2.563,3.101,0.8187051085078914,9.371,1.0,1000,20,2,10,1,erdos-renyi,6
Clustered DAG,0.7985645859561992,8.093,7.826,0.4254460661457565,9.096,1.0,1000,20,2,10,1,erdos-renyi,6
Contextual DAG,0.6627345935172863,2.7590132827324476,1.9636306135357369,0.7596421142281777,9.872232764073372,1.0,3162,20,2,10,1,erdos-renyi,6
Fixed DAG,0.5120180395755337,0.0,0.0,1.0,10.0,1.0,3162,20,2,10,1,erdos-renyi,6
Sorted DAG (fixed),0.5480144608858606,0.4358001265022138,0.4471853257432005,0.9786313411862265,10.05629348513599,1.0,3162,20,2,10,1,erdos-renyi,6
Sorted DAG (truth),0.44794642565497883,0.6676154332700822,0.7144212523719166,0.9692804939643886,10.305819101834283,1.0,3162,20,2,10,1,erdos-renyi,6
Clustered DAG,0.7650924164597784,8.543010752688172,8.679633143580013,0.4590091353369042,9.533206831119545,1.0,3162,20,2,10,1,erdos-renyi,6
Contextual DAG,0.4673583369421826,1.9843,2.4562,0.8016659261790837,10.0006,1.0,10000,20,2,10,1,erdos-renyi,6
Fixed DAG,0.5317921735535518,1.0,0.0,0.8999999999999987,10.0,1.0,10000,20,2,10,1,erdos-renyi,6
Sorted DAG (fixed),0.4152626749920839,1.0,0.0,0.8999999999999987,10.0,1.0,10000,20,2,10,1,erdos-renyi,6
Sorted DAG (truth),0.24485175296161585,0.0,0.0,1.0,10.0,1.0,10000,20,2,10,1,erdos-renyi,6
Clustered DAG,0.7571416750386702,7.7397,8.4559,0.49727084393344057,9.1787,1.0,10000,20,2,10,1,erdos-renyi,6
Contextual DAG,1.0221060383930518,19.93,20.57,0.12415132751796444,14.83,1.0,100,20,5,10,1,erdos-renyi,6
Fixed DAG,0.608055294690637,6.0,7.0,0.7,10.0,1.0,100,20,5,10,1,erdos-renyi,6
Sorted DAG (fixed),1.031002906532716,17.2,17.56,0.11037558287129842,9.66,1.0,100,20,5,10,1,erdos-renyi,6
Sorted DAG (truth),0.9507875233883978,18.97,19.78,0.25394793703012647,15.89,1.0,100,20,5,10,1,erdos-renyi,6
Clustered DAG,0.608055294690637,6.0,7.0,0.7,10.0,1.0,100,20,5,10,1,erdos-renyi,6
Contextual DAG,0.9877426001188154,12.139240506329115,11.984177215189874,0.153602078669509,8.069620253164556,1.0,316,20,5,10,1,erdos-renyi,6
Fixed DAG,0.4656311029474379,1.0,0.0,0.8999999999999994,10.0,1.0,316,20,5,10,1,erdos-renyi,6
Sorted DAG (fixed),0.8419673103903227,9.958860759493671,11.180379746835444,0.4083294565834073,8.329113924050633,1.0,316,20,5,10,1,erdos-renyi,6
Sorted DAG (truth),0.7932438621987431,7.753164556962025,8.987341772151899,0.5177852473894676,7.537974683544304,1.0,316,20,5,10,1,erdos-renyi,6
Clustered DAG,0.782783621800903,6.841772151898734,7.506329113924051,0.519421692727724,6.575949367088608,1.0,316,20,5,10,1,erdos-renyi,6
Contextual DAG,0.9074124338622147,9.013,8.94,0.31160007020427466,9.481,1.0,1000,20,5,10,1,erdos-renyi,6
Fixed DAG,0.310931037126735,0.0,0.0,1.0,10.0,1.0,1000,20,5,10,1,erdos-renyi,6
Sorted DAG (fixed),0.5124845965663563,3.767,4.4,0.8202655898000236,11.291,1.0,1000,20,5,10,1,erdos-renyi,6
Sorted DAG (truth),0.6599038160978642,4.649,5.585,0.7303466683529775,8.973,1.0,1000,20,5,10,1,erdos-renyi,6
Clustered DAG,0.6682960425839778,6.818,8.112,0.6018357953707799,9.589,1.0,1000,20,5,10,1,erdos-renyi,6
Contextual DAG,0.8493189975288564,6.259013282732448,4.604364326375712,0.4615928735330657,10.256799493991144,1.0,3162,20,5,10,1,erdos-renyi,6
Fixed DAG,0.4404850978172603,1.0,0.0,0.8999999999999992,10.0,1.0,3162,20,5,10,1,erdos-renyi,6
Sorted DAG (fixed),0.5276595135502995,1.9943074003795067,1.3880455407969639,0.8434502665969341,9.657495256166984,1.0,3162,20,5,10,1,erdos-renyi,6
Sorted DAG (truth),0.46536863461993666,1.0961416824794434,1.5654648956356736,0.9358633343582107,9.76786843769766,1.0,3162,20,5,10,1,erdos-renyi,6
Clustered DAG,0.8218846458790561,8.912397216951296,8.93168880455408,0.40565776447816165,9.464895635673624,1.0,3162,20,5,10,1,erdos-renyi,6
Contextual DAG,0.6342070956697305,2.3344,2.5691,0.7838666962906151,9.9355,1.0,10000,20,5,10,1,erdos-renyi,6
Fixed DAG,0.49054831963407275,0.0,0.0,1.0,10.0,1.0,10000,20,5,10,1,erdos-renyi,6
Sorted DAG (fixed),0.36582307303305495,0.2022,0.2422,0.9898211535294953,10.099,1.0,10000,20,5,10,1,erdos-renyi,6
Sorted DAG (truth),0.5405519670779674,0.6482,0.8577,0.9658584748864593,10.0476,1.0,10000,20,5,10,1,erdos-renyi,6
Clustered DAG,0.7460547551492733,7.7462,8.7672,0.5066333182937897,9.2507,1.0,10000,20,5,10,1,erdos-renyi,6
Contextual DAG,1.013743717868543,14.88,15.01,0.04817848110191335,7.1,1.0,100,20,2,10,1,erdos-renyi,7
Fixed DAG,0.7198497569746097,8.0,8.0,0.4444444444444444,8.0,1.0,100,20,2,10,1,erdos-renyi,7
Sorted DAG (fixed),0.9962151337208992,15.26,15.69,0.11950917795577039,8.63,1.0,100,20,2,10,1,erdos-renyi,7
Sorted DAG (truth),0.9005161941198979,15.14,16.07,0.27529735270425887,11.84,1.0,100,20,2,10,1,erdos-renyi,7
Clustered DAG,0.7198497569746097,8.0,8.0,0.4444444444444444,8.0,1.0,100,20,2,10,1,erdos-renyi,7
Contextual DAG,1.013633187036921,13.962025316455696,14.10759493670886,0.17879910161037155,9.990506329113924,1.0,316,20,2,10,1,erdos-renyi,7
Fixed DAG,0.4315026020985518,1.0,0.0,0.8999999999999994,10.0,1.0,316,20,2,10,1,erdos-renyi,7
Sorted DAG (fixed),0.7758385533805512,12.14873417721519,13.537974683544304,0.4239197844640104,13.212025316455696,1.0,316,20,2,10,1,erdos-renyi,7
Sorted DAG (truth),0.7742069368199997,10.591772151898734,12.325949367088608,0.4328501783903646,10.123417721518987,1.0,316,20,2,10,1,erdos-renyi,7
Clustered DAG,0.78057206872991,9.354430379746836,9.60759493670886,0.4492663965913682,10.35759493670886,1.0,316,20,2,10,1,erdos-renyi,7
Contextual DAG,0.898952131324636,9.134,8.803,0.3286840492043951,10.161,1.0,1000,20,2,10,1,erdos-renyi,7
Fixed DAG,0.47635498006655413,1.0,0.0,0.8999999999999989,10.0,1.0,1000,20,2,10,1,erdos-renyi,7
Sorted DAG (fixed),0.5780693632462097,4.542,4.53,0.729535035040845,10.837,1.0,1000,20,2,10,1,erdos-renyi,7
Sorted DAG (truth),0.5161584385785551,3.953,4.99,0.7996173425184826,11.113,1.0,1000,20,2,10,1,erdos-renyi,7
Clustered DAG,0.6918271196820761,7.419,8.446,0.5413647072226017,9.565,1.0,1000,20,2,10,1,erdos-renyi,7
Contextual DAG,0.6458907277543101,3.551865907653384,2.0300442757748263,0.667018865041672,9.909867172675522,1.0,3162,20,2,10,1,erdos-renyi,7
Fixed DAG,0.49136756550484306,1.0,0.0,0.8999999999999992,10.0,1.0,3162,20,2,10,1,erdos-renyi,7
Sorted DAG (fixed),0.4472037418211796,1.3289057558507273,0.40417457305502846,0.8844591938044789,10.041745730550284,1.0,3162,20,2,10,1,erdos-renyi,7
Sorted DAG (truth),0.39554675376723947,0.24794433902593296,0.33934218848829856,0.9873898651622393,9.90765338393422,1.0,3162,20,2,10,1,erdos-renyi,7
Clustered DAG,0.7428028622258365,7.78842504743833,8.261859582542694,0.5046825935245798,9.40765338393422,1.0,3162,20,2,10,1,erdos-renyi,7
Contextual DAG,0.3437004804755618,0.0272,0.0521,0.9973914536340851,9.9987,1.0,10000,20,2,10,1,erdos-renyi,7
Fixed DAG,0.43557794648380666,0.0,0.0,1.0,10.0,1.0,10000,20,2,10,1,erdos-renyi,7
Sorted DAG (fixed),0.3321705863294898,0.0,0.0,1.0,10.0,1.0,10000,20,2,10,1,erdos-renyi,7
Sorted DAG (truth),0.407165068033595,0.0009,0.0009,0.9999571428571428,10.0009,1.0,10000,20,2,10,1,erdos-renyi,7
Clustered DAG,0.7572643785214431,7.9507,8.6894,0.49574779377007144,9.4572,1.0,10000,20,2,10,1,erdos-renyi,7
Contextual DAG,1.0390174496331173,19.9,20.12,0.036935054718361414,11.39,1.0,100,20,5,10,1,erdos-renyi,7
Fixed DAG,0.832317494768676,7.0,6.0,0.4705882352941177,7.0,1.0,100,20,5,10,1,erdos-renyi,7
Sorted DAG (fixed),1.086350702736735,21.01,21.24,0.04634715139809737,12.5,1.0,100,20,5,10,1,erdos-renyi,7
Sorted DAG (truth),1.0090453322254138,19.88,20.67,0.11758776516917033,12.94,1.0,100,20,5,10,1,erdos-renyi,7
Clustered DAG,0.832317494768676,7.0,6.0,0.4705882352941177,7.0,1.0,100,20,5,10,1,erdos-renyi,7
Contextual DAG,0.9477920005513446,12.05379746835443,12.718354430379748,0.2367494941999404,8.08860759493671,1.0,316,20,5,10,1,erdos-renyi,7
Fixed DAG,0.5887195705002843,3.0,3.0,0.7368421052631574,9.0,1.0,316,20,5,10,1,erdos-renyi,7
Sorted DAG (fixed),0.9123978708264757,11.44620253164557,12.825949367088608,0.3049618123884359,8.120253164556962,1.0,316,20,5,10,1,erdos-renyi,7
Sorted DAG (truth),0.8354304919454113,10.177215189873417,11.693037974683545,0.4281121366870741,8.582278481012658,1.0,316,20,5,10,1,erdos-renyi,7
Clustered DAG,0.8243901332446227,10.477848101265822,10.686708860759493,0.38914608220833735,10.018987341772151,1.0,316,20,5,10,1,erdos-renyi,7
Contextual DAG,0.8886693228270947,7.989,8.224,0.3766251080368878,8.562,1.0,1000,20,5,10,1,erdos-renyi,7
Fixed DAG,0.470950433623936,0.0,0.0,1.0,10.0,1.0,1000,20,5,10,1,erdos-renyi,7
Sorted DAG (fixed),0.5939490147171379,5.986,7.143,0.7099608689835927,10.844,1.0,1000,20,5,10,1,erdos-renyi,7
Sorted DAG (truth),0.623981914498235,4.036,4.922,0.7665431336648094,9.288,1.0,1000,20,5,10,1,erdos-renyi,7
Clustered DAG,0.689577974478282,7.203,8.128,0.548183274474064,9.403,1.0,1000,20,5,10,1,erdos-renyi,7
Contextual DAG,0.7219351991380493,4.583175205566097,5.884566729917774,0.6070651180329671,9.92156862745098,1.0,3162,20,5,10,1,erdos-renyi,7
Fixed DAG,0.6140632590403002,2.0,5.0,0.7999999999999995,10.0,1.0,3162,20,5,10,1,erdos-renyi,7
Sorted DAG (fixed),0.5882198721615736,3.0857052498418724,6.130929791271347,0.7503790617829639,10.004427577482605,1.0,3162,20,5,10,1,erdos-renyi,7
Sorted DAG (truth),0.4920299671010804,1.107843137254902,1.5961416824794434,0.9337656053939897,9.640417457305503,1.0,3162,20,5,10,1,erdos-renyi,7
Clustered DAG,0.7803667114726368,8.079063883617962,8.942757748260595,0.462436474693322,9.466476913345984,1.0,3162,20,5,10,1,erdos-renyi,7
Contextual DAG,0.6765229756813494,3.4092,4.1154,0.7413476094879133,9.727,1.0,10000,20,5,10,1,erdos-renyi,7
Fixed DAG,0.41603241967413407,0.0,0.0,1.0,10.0,1.0,10000,20,5,10,1,erdos-renyi,7
Sorted DAG (fixed),0.47642759782168764,0.493,0.7006,0.9755199301504163,10.1788,1.0,10000,20,5,10,1,erdos-renyi,7
Sorted DAG (truth),0.6125864334967935,1.0546,1.4515,0.945378280862917,9.7998,1.0,10000,20,5,10,1,erdos-renyi,7
Clustered DAG,0.7330845065360144,7.4466,8.2001,0.51691979783509,9.2245,1.0,10000,20,5,10,1,erdos-renyi,7
Contextual DAG,1.0417590688782414,17.41,17.35,0.02593238858773011,9.16,1.0,100,20,2,10,1,erdos-renyi,8
Fixed DAG,0.7032367645638661,6.0,4.0,0.6,10.0,1.0,100,20,2,10,1,erdos-renyi,8
Sorted DAG (fixed),1.0700240038627284,18.84,19.01,0.08398328262696683,11.98,1.0,100,20,2,10,1,erdos-renyi,8
Sorted DAG (truth),1.028700750717806,17.7,18.74,0.1453166297430246,11.88,1.0,100,20,2,10,1,erdos-renyi,8
Clustered DAG,0.7032367645638661,6.0,4.0,0.6,10.0,1.0,100,20,2,10,1,erdos-renyi,8
Contextual DAG,1.080981567973018,15.680379746835444,14.990506329113924,0.15293323521645036,13.534810126582279,1.0,316,20,2,10,1,erdos-renyi,8
Fixed DAG,0.654426335834466,3.0,0.0,0.6999999999999994,10.0,1.0,316,20,2,10,1,erdos-renyi,8
Sorted DAG (fixed),0.8547367704825211,11.566455696202532,11.272151898734178,0.36154059192216237,11.512658227848101,1.0,316,20,2,10,1,erdos-renyi,8
Sorted DAG (truth),0.7198668262676788,8.787974683544304,10.215189873417721,0.5386599031164846,10.287974683544304,1.0,316,20,2,10,1,erdos-renyi,8
Clustered DAG,0.8436929396090732,8.829113924050633,9.525316455696203,0.388185654008439,10.126582278481013,1.0,316,20,2,10,1,erdos-renyi,8
Contextual DAG,0.7852358606791834,7.852,9.509,0.47429965791790274,10.092,1.0,1000,20,2,10,1,erdos-renyi,8
Fixed DAG,0.6636529140170447,3.0,2.0,0.7000000000000007,10.0,1.0,1000,20,2,10,1,erdos-renyi,8
Sorted DAG (fixed),0.7796902111281818,6.546,6.686,0.5702290383559782,10.265,1.0,1000,20,2,10,1,erdos-renyi,8
Sorted DAG (truth),0.5770525719132465,5.243,6.771,0.7213684155384416,10.903,1.0,1000,20,2,10,1,erdos-renyi,8
Clustered DAG,0.7687299310818669,9.306,10.082,0.4561809437970833,10.63,1.0,1000,20,2,10,1,erdos-renyi,8
Contextual DAG,0.5446243548667892,2.386148007590133,1.679000632511069,0.7802131339930024,10.047122074636306,1.0,3162,20,2,10,1,erdos-renyi,8
Fixed DAG,0.5621145591877391,2.0,0.0,0.7999999999999995,10.0,1.0,3162,20,2,10,1,erdos-renyi,8
Sorted DAG (fixed),0.5505875499089234,2.2726122707147374,0.5230866540164453,0.7900222159485115,9.934535104364326,1.0,3162,20,2,10,1,erdos-renyi,8
Sorted DAG (truth),0.4269781266383629,0.4974699557242252,0.8111954459203036,0.975292479585811,9.930740037950665,1.0,3162,20,2,10,1,erdos-renyi,8
Clustered DAG,0.7851167309716316,8.333333333333334,8.69449715370019,0.4447513685969453,9.237507906388362,1.0,3162,20,2,10,1,erdos-renyi,8
Contextual DAG,0.3463942614414725,0.0405,0.0755,0.9959788721804511,10.0,1.0,10000,20,2,10,1,erdos-renyi,8
Fixed DAG,0.4688819002229138,0.0,0.0,1.0,10.0,1.0,10000,20,2,10,1,erdos-renyi,8
Sorted DAG (fixed),0.6293007183049011,0.0007,0.0007,0.9999631578947367,9.9993,1.0,10000,20,2,10,1,erdos-renyi,8
Sorted DAG (truth),0.43011316783941583,0.0,0.0,1.0,10.0,1.0,10000,20,2,10,1,erdos-renyi,8
Clustered DAG,0.7113208419899302,7.7554,8.3672,0.5363775853146197,9.5838,1.0,10000,20,2,10,1,erdos-renyi,8
Contextual DAG,1.0327794544193325,16.13,16.61,0.12223202795770888,9.34,1.0,100,20,5,10,1,erdos-renyi,8
Fixed DAG,0.5200799789320397,5.0,5.0,0.7,10.0,1.0,100,20,5,10,1,erdos-renyi,8
Sorted DAG (fixed),0.9800791535240413,15.2,15.81,0.18520277701435636,9.45,1.0,100,20,5,10,1,erdos-renyi,8
Sorted DAG (truth),0.915363002615599,14.6,15.74,0.2934901703773595,11.1,1.0,100,20,5,10,1,erdos-renyi,8
Clustered DAG,0.5200799789320397,5.0,5.0,0.7,10.0,1.0,100,20,5,10,1,erdos-renyi,8
Contextual DAG,0.966243794709047,13.844936708860759,14.069620253164556,0.17060600673518375,9.389240506329115,1.0,316,20,5,10,1,erdos-renyi,8
Fixed DAG,0.4622594598847558,1.0,1.0,0.9473684210526324,9.0,1.0,316,20,5,10,1,erdos-renyi,8
Sorted DAG (fixed),0.8402922736000087,11.746835443037975,13.234177215189874,0.39808392966390904,10.449367088607595,1.0,316,20,5,10,1,erdos-renyi,8
Sorted DAG (truth),0.8616084371160199,10.933544303797468,12.522151898734178,0.4019435053559663,9.35759493670886,1.0,316,20,5,10,1,erdos-renyi,8
Clustered DAG,0.7600202293733793,9.598101265822784,10.098101265822784,0.471058908879007,10.541139240506329,1.0,316,20,5,10,1,erdos-renyi,8
Contextual DAG,0.8908649877502525,7.701,6.635,0.37819925634624857,8.429,1.0,1000,20,5,10,1,erdos-renyi,8
Fixed DAG,0.5444412145900086,1.0,0.0,0.8999999999999989,10.0,1.0,1000,20,5,10,1,erdos-renyi,8
Sorted DAG (fixed),0.6956526947588249,5.602,6.207,0.6703558720034226,9.887,1.0,1000,20,5,10,1,erdos-renyi,8
Sorted DAG (truth),0.6500810317934724,4.774,6.006,0.730629168166198,9.328,1.0,1000,20,5,10,1,erdos-renyi,8
Clustered DAG,0.7697613051188432,7.683,7.598,0.5016220158238733,8.105,1.0,1000,20,5,10,1,erdos-renyi,8
Contextual DAG,0.6326623926752347,3.9528779253636936,4.485452245414295,0.6760595848475424,10.392789373814042,1.0,3162,20,5,10,1,erdos-renyi,8
Fixed DAG,0.4245918129505735,0.0,0.0,1.0,10.0,1.0,3162,20,5,10,1,erdos-renyi,8
Sorted DAG (fixed),0.38550916363383664,0.7077798861480076,0.8959519291587603,0.9579760309811358,9.98292220113852,1.0,3162,20,5,10,1,erdos-renyi,8
Sorted DAG (truth),0.48706663574201,1.1872232764073372,1.465528146742568,0.9271399177255524,9.652751423149905,1.0,3162,20,5,10,1,erdos-renyi,8
Clustered DAG,0.7285760859642544,8.101834282099937,8.418406072106261,0.49697272944143456,9.47438330170778,1.0,3162,20,5,10,1,erdos-renyi,8
Contextual DAG,0.6891925412687238,3.6739,3.4416,0.6603173544185136,10.0708,1.0,10000,20,5,10,1,erdos-renyi,8
Fixed DAG,0.5545430803185466,2.0,0.0,0.8000000000000006,10.0,1.0,10000,20,5,10,1,erdos-renyi,8
Sorted DAG (fixed),0.5171303150027557,2.2678,0.3278,0.7893230985490289,10.1642,1.0,10000,20,5,10,1,erdos-renyi,8
Sorted DAG (truth),0.4884055927749649,0.2768,0.3649,0.982118368593238,9.89,1.0,10000,20,5,10,1,erdos-renyi,8
Clustered DAG,0.7674737008305113,8.2061,8.6818,0.47271789405502607,9.3329,1.0,10000,20,5,10,1,erdos-renyi,8
Contextual DAG,1.0417891108572326,16.72,17.14,0.11839606769856895,10.21,1.0,100,20,2,10,1,erdos-renyi,9
Fixed DAG,0.6484231112646163,6.0,8.0,0.6666666666666667,11.0,1.0,100,20,2,10,1,erdos-renyi,9
Sorted DAG (fixed),0.9843833829890432,15.5,16.43,0.14916290635910046,8.88,1.0,100,20,2,10,1,erdos-renyi,9
Sorted DAG (truth),0.9943202456394614,14.68,15.39,0.15834485474735538,7.88,1.0,100,20,2,10,1,erdos-renyi,9
Clustered DAG,0.6484231112646163,6.0,8.0,0.6666666666666667,11.0,1.0,100,20,2,10,1,erdos-renyi,9
Contextual DAG,0.8814030266695885,11.655063291139241,12.341772151898734,0.28829325782979337,9.58860759493671,1.0,316,20,2,10,1,erdos-renyi,9
Fixed DAG,0.41697318981534076,1.0,0.0,0.8999999999999994,10.0,1.0,316,20,2,10,1,erdos-renyi,9
Sorted DAG (fixed),0.8024141180654957,9.598101265822784,10.231012658227849,0.4157480682285102,8.474683544303797,1.0,316,20,2,10,1,erdos-renyi,9
Sorted DAG (truth),0.7327427749688439,8.977848101265822,10.069620253164556,0.49557832937680846,9.534810126582279,1.0,316,20,2,10,1,erdos-renyi,9
Clustered DAG,0.6818633442226957,6.389240506329114,6.60126582278481,0.6249833444370417,8.930379746835444,1.0,316,20,2,10,1,erdos-renyi,9
Contextual DAG,0.7032654125303486,6.864,7.394,0.573956767749924,10.668,1.0,1000,20,2,10,1,erdos-renyi,9
Fixed DAG,0.4474302086494968,0.0,0.0,1.0,10.0,1.0,1000,20,2,10,1,erdos-renyi,9
Sorted DAG (fixed),0.5108718066408295,4.171,4.917,0.7937504296475256,10.827,1.0,1000,20,2,10,1,erdos-renyi,9
Sorted DAG (truth),0.5889438363428581,3.778,4.371,0.7853309458854367,9.026,1.0,1000,20,2,10,1,erdos-renyi,9
Clustered DAG,0.6588771431184298,7.572,8.307,0.5691931553482636,10.545,1.0,1000,20,2,10,1,erdos-renyi,9
Contextual DAG,0.6293930973223527,1.7106261859582543,1.142314990512334,0.8470831118740113,9.983238456672991,1.0,3162,20,2,10,1,erdos-renyi,9
Fixed DAG,0.4860541756232849,0.0,0.0,1.0,10.0,1.0,3162,20,2,10,1,erdos-renyi,9
Sorted DAG (fixed),0.5180520474978667,0.4601518026565465,0.6676154332700822,0.978666033301597,10.232447817836812,1.0,3162,20,2,10,1,erdos-renyi,9
Sorted DAG (truth),0.5644369455910822,0.4250474383301708,0.5066413662239089,0.979030901942204,10.02403542061986,1.0,3162,20,2,10,1,erdos-renyi,9
Clustered DAG,0.7327135184460994,7.792220113851992,7.711891208096142,0.5172359811301982,9.017394054395952,1.0,3162,20,2,10,1,erdos-renyi,9
Contextual DAG,0.35654959508003536,1.5721,2.4025,0.8431477944862148,10.0014,1.0,10000,20,2,10,1,erdos-renyi,9
Fixed DAG,0.4917776744198468,0.0,0.0,1.0,10.0,1.0,10000,20,2,10,1,erdos-renyi,9
Sorted DAG (fixed),0.2801937024174364,0.0,0.0,1.0,10.0,1.0,10000,20,2,10,1,erdos-renyi,9
Sorted DAG (truth),0.32254836538030773,0.0083,0.0083,0.9995631578947366,9.9917,1.0,10000,20,2,10,1,erdos-renyi,9
Clustered DAG,0.7287397540016073,7.7781,8.4644,0.5197944528325134,9.6988,1.0,10000,20,2,10,1,erdos-renyi,9
Contextual DAG,1.1186316278495547,16.28,16.29,0.03752175666158793,7.53,1.0,100,20,5,10,1,erdos-renyi,9
Fixed DAG,0.8029318932632918,11.0,10.0,0.3809523809523809,11.0,1.0,100,20,5,10,1,erdos-renyi,9
Sorted DAG (fixed),1.1002862106114644,18.66,18.89,0.07759976717446618,10.53,1.0,100,20,5,10,1,erdos-renyi,9
Sorted DAG (truth),1.0145679725700163,16.57,16.95,0.0927170930416689,8.59,1.0,100,20,5,10,1,erdos-renyi,9
Clustered DAG,0.8029318932632918,11.0,10.0,0.3809523809523809,11.0,1.0,100,20,5,10,1,erdos-renyi,9
Contextual DAG,0.9096449152208282,11.132911392405063,10.727848101265822,0.2728399271678257,8.363924050632912,1.0,316,20,5,10,1,erdos-renyi,9
Fixed DAG,0.45909034745211547,1.0,0.0,0.8999999999999994,10.0,1.0,316,20,5,10,1,erdos-renyi,9
Sorted DAG (fixed),0.8398175704310868,10.329113924050633,11.104430379746836,0.4040642188586012,8.382911392405063,1.0,316,20,5,10,1,erdos-renyi,9
Sorted DAG (truth),0.7876157664310299,8.75,10.164556962025317,0.5124643833315881,8.813291139240507,1.0,316,20,5,10,1,erdos-renyi,9
Clustered DAG,0.8381034351410238,10.990506329113924,10.895569620253164,0.32040760704984556,10.199367088607595,1.0,316,20,5,10,1,erdos-renyi,9
Contextual DAG,0.7778771011987419,7.848,8.771,0.4916053222179529,11.046,1.0,1000,20,5,10,1,erdos-renyi,9
Fixed DAG,0.42734887525761134,2.0,0.0,0.7999999999999989,10.0,1.0,1000,20,5,10,1,erdos-renyi,9
Sorted DAG (fixed),0.6408184663548152,6.526,6.557,0.6268928513463536,11.484,1.0,1000,20,5,10,1,erdos-renyi,9
Sorted DAG (truth),0.680454940781156,5.149,6.501,0.7127591403605174,9.189,1.0,1000,20,5,10,1,erdos-renyi,9
Clustered DAG,0.7521774468949742,8.378,9.121,0.48105023923444984,9.766,1.0,1000,20,5,10,1,erdos-renyi,9
Contextual DAG,0.7087120146232582,4.794750158127767,5.4943074003795065,0.590176832733002,10.28336495888678,1.0,3162,20,5,10,1,erdos-renyi,9
Fixed DAG,0.5740559707005107,3.0,7.0,0.7000000000000001,10.0,1.0,3162,20,5,10,1,erdos-renyi,9
Sorted DAG (fixed),0.6840201022820063,3.9142947501581276,7.3820366856419986,0.6597969217209656,9.469955724225175,1.0,3162,20,5,10,1,erdos-renyi,9
Sorted DAG (truth),0.4588779873487943,0.9294750158127767,1.2767235926628715,0.9421748469248852,9.746679316888045,1.0,3162,20,5,10,1,erdos-renyi,9
Clustered DAG,0.811789445198129,9.166666666666666,10.562302340290955,0.4256626356774673,10.01201771030993,1.0,3162,20,5,10,1,erdos-renyi,9
Contextual DAG,0.4871598121291487,1.6099,1.1869,0.8499323849378688,10.0393,1.0,10000,20,5,10,1,erdos-renyi,9
Fixed DAG,0.5328573164732143,1.0,0.0,0.8999999999999987,10.0,1.0,10000,20,5,10,1,erdos-renyi,9
Sorted DAG (fixed),0.5540025880215954,1.4216,0.5965,0.8793473542914803,10.0826,1.0,10000,20,5,10,1,erdos-renyi,9
Sorted DAG (truth),0.4638748250273213,0.3903,0.4892,0.977445654743396,9.9951,1.0,10000,20,5,10,1,erdos-renyi,9
Clustered DAG,0.7261837691712532,7.5938,7.8415,0.5227490486014114,9.1552,1.0,10000,20,5,10,1,erdos-renyi,9
Contextual DAG,1.0305111519903967,16.86,17.02,0.07274898712544985,9.85,1.0,100,20,2,10,1,erdos-renyi,10
Fixed DAG,0.8752585739741153,10.0,10.0,0.33333333333333337,8.0,1.0,100,20,2,10,1,erdos-renyi,10
Sorted DAG (fixed),0.9959471784404221,15.86,16.18,0.1608427030539133,10.23,1.0,100,20,2,10,1,erdos-renyi,10
Sorted DAG (truth),1.038340734492892,16.95,17.43,0.11011711311709167,9.41,1.0,100,20,2,10,1,erdos-renyi,10
Clustered DAG,0.8752585739741153,10.0,10.0,0.33333333333333337,8.0,1.0,100,20,2,10,1,erdos-renyi,10
Contextual DAG,0.970913929785558,12.569620253164556,12.458860759493671,0.20918102197809976,9.167721518987342,1.0,316,20,2,10,1,erdos-renyi,10
Fixed DAG,0.5549732643190605,3.0,2.0,0.6999999999999994,10.0,1.0,316,20,2,10,1,erdos-renyi,10
Sorted DAG (fixed),0.7929048880232626,11.563291139240507,12.329113924050633,0.402968548096532,12.205696202531646,1.0,316,20,2,10,1,erdos-renyi,10
Sorted DAG (truth),0.7476265684803628,8.363924050632912,9.636075949367088,0.5147319885716187,8.844936708860759,1.0,316,20,2,10,1,erdos-renyi,10
Clustered DAG,0.7583863590004455,7.819620253164557,8.579113924050633,0.5090014064697609,9.49367088607595,1.0,316,20,2,10,1,erdos-renyi,10
Contextual DAG,0.8815070395576241,8.543,7.769,0.3512256386063984,9.711,1.0,1000,20,2,10,1,erdos-renyi,10
Fixed DAG,0.5613312990190942,2.0,5.0,0.7999999999999989,10.0,1.0,1000,20,2,10,1,erdos-renyi,10
Sorted DAG (fixed),0.6304173496032475,5.428,8.217,0.6434928513633082,10.354,1.0,1000,20,2,10,1,erdos-renyi,10
Sorted DAG (truth),0.5381071416454521,3.89,4.749,0.7756425167351926,10.276,1.0,1000,20,2,10,1,erdos-renyi,10
Clustered DAG,0.7821740400500148,8.785,10.385,0.4486835497835496,10.779,1.0,1000,20,2,10,1,erdos-renyi,10
Contextual DAG,0.5739493918995976,2.0287792536369387,2.7409867172675524,0.8187188600570767,10.062302340290955,1.0,3162,20,2,10,1,erdos-renyi,10
Fixed DAG,0.4701225546500297,0.0,0.0,1.0,10.0,1.0,3162,20,2,10,1,erdos-renyi,10
Sorted DAG (fixed),0.5399997713094337,0.6157495256166983,0.8086654016445288,0.9688382122735106,9.827008222643896,1.0,3162,20,2,10,1,erdos-renyi,10
Sorted DAG (truth),0.5095565451381753,0.41397849462365593,0.4898798228969007,0.9802252035710132,10.123023402909551,1.0,3162,20,2,10,1,erdos-renyi,10
Clustered DAG,0.7021666383294652,6.9304237824161925,7.650537634408602,0.5599168305286,8.712839974699557,1.0,3162,20,2,10,1,erdos-renyi,10
Contextual DAG,0.3352924819005778,0.9405,0.0167,0.9066293233082697,10.0001,1.0,10000,20,2,10,1,erdos-renyi,10
Fixed DAG,0.5402093848958156,1.0,0.0,0.8999999999999987,10.0,1.0,10000,20,2,10,1,erdos-renyi,10
Sorted DAG (fixed),0.47127227134868754,1.0,0.0,0.8999999999999987,10.0,1.0,10000,20,2,10,1,erdos-renyi,10
Sorted DAG (truth),0.4444067037513494,0.0,0.0,1.0,10.0,1.0,10000,20,2,10,1,erdos-renyi,10
Clustered DAG,0.7417750896128491,7.8603,8.3363,0.5068071404714026,9.4199,1.0,10000,20,2,10,1,erdos-renyi,10
Contextual DAG,1.0356394694321764,19.62,20.13,0.1270545203546056,13.6,1.0,100,20,5,10,1,erdos-renyi,10
Fixed DAG,0.8251432047198961,8.0,10.0,0.4,10.0,1.0,100,20,5,10,1,erdos-renyi,10
Sorted DAG (fixed),1.0184012723528144,19.84,20.26,0.10299585541420743,14.27,1.0,100,20,5,10,1,erdos-renyi,10
Sorted DAG (truth),0.9867353237546533,20.11,21.17,0.18274821226957869,14.83,1.0,100,20,5,10,1,erdos-renyi,10
Clustered DAG,0.8251432047198961,8.0,10.0,0.4,10.0,1.0,100,20,5,10,1,erdos-renyi,10
Contextual DAG,0.948001678592112,12.64240506329114,13.199367088607595,0.2048215345300037,8.227848101265822,1.0,316,20,5,10,1,erdos-renyi,10
Fixed DAG,0.8256672250654957,7.0,5.0,0.38095238095238104,11.0,1.0,316,20,5,10,1,erdos-renyi,10
Sorted DAG (fixed),0.9565625601250929,12.610759493670885,12.427215189873417,0.17964371738823068,8.186708860759493,1.0,316,20,5,10,1,erdos-renyi,10
Sorted DAG (truth),0.8331705689104487,9.613924050632912,10.69620253164557,0.4194740419094689,7.80379746835443,1.0,316,20,5,10,1,erdos-renyi,10
Clustered DAG,0.8461847247902148,9.310126582278482,9.563291139240507,0.4068589194505251,9.50632911392405,1.0,316,20,5,10,1,erdos-renyi,10
Contextual DAG,0.8058225315037831,7.274,6.651,0.47844022174762685,10.689,1.0,1000,20,5,10,1,erdos-renyi,10
Fixed DAG,0.4398711578940635,1.0,3.0,0.8999999999999989,10.0,1.0,1000,20,5,10,1,erdos-renyi,10
Sorted DAG (fixed),0.603731614418441,4.582,7.056,0.7264048209634588,10.633,1.0,1000,20,5,10,1,erdos-renyi,10
Sorted DAG (truth),0.6507732254501502,4.889,6.247,0.7337853474374357,9.553,1.0,1000,20,5,10,1,erdos-renyi,10
Clustered DAG,0.759302540685655,7.731,7.4,0.4938787878787876,10.105,1.0,1000,20,5,10,1,erdos-renyi,10
Contextual DAG,0.6766729403812969,4.212839974699557,4.537634408602151,0.6452213748955068,9.921884882985452,1.0,3162,20,5,10,1,erdos-renyi,10
Fixed DAG,0.5388744283958949,1.0,0.0,0.8999999999999992,10.0,1.0,3162,20,5,10,1,erdos-renyi,10
Sorted DAG (fixed),0.5100773378319756,2.204301075268817,1.6432637571157496,0.8447936691911436,10.327956989247312,1.0,3162,20,5,10,1,erdos-renyi,10
Sorted DAG (truth),0.4722319439764557,0.9557242251739405,1.1438962681846931,0.9444570185736656,9.945604048070841,1.0,3162,20,5,10,1,erdos-renyi,10
Clustered DAG,0.7515034653154737,7.837444655281468,8.449715370018975,0.49948412252959185,9.576217583807717,1.0,3162,20,5,10,1,erdos-renyi,10
Contextual DAG,0.5450681436414119,1.5235,1.1519,0.8697491284795608,10.071,1.0,10000,20,5,10,1,erdos-renyi,10
Fixed DAG,0.6025062540232239,2.0,0.0,0.8000000000000006,10.0,1.0,10000,20,5,10,1,erdos-renyi,10
Sorted DAG (fixed),0.5186140164621315,2.2435,0.3143,0.7902230150724339,10.1381,1.0,10000,20,5,10,1,erdos-renyi,10
Sorted DAG (truth),0.41521646571781884,0.3268,0.3827,0.9841613209029749,10.2106,1.0,10000,20,5,10,1,erdos-renyi,10
Clustered DAG,0.7725258180468348,8.3565,8.4334,0.4623907872865533,9.3637,1.0,10000,20,5,10,1,erdos-renyi,10
